{
  "particles": {
    "number": {
      "value": 100,
      "density": {
        "enable": true,
        "value_area": 1763.753266952075
      }
    },
    "color": {
      "value": "#eb0000"
    },
    "shape": {
      "type": "image",
      "stroke": {
        "width": 0,
        "color": "#000000"
      },
      "polygon": {
        "nb_sides": 5
      },
      "image": {
        "src": "https://lh5.googleusercontent.com/proxy/91zZ7MLtQAWYKFWzElJsJVGl0ywAg9AEYxPLw5bbET8fcIV5XP6k555b2E3c_GI8Ef8EWJp-WqtphV9PsEcrRxhU-INMwgHVvcv3YzNfulLIwek-Fpu4NnM1ZJ3V1yg0_CZj8GYI9h9MWtfvkm1Mq8FoELYEJWHFEPIugSLqwkkS9TYW",
        "width": 100,
        "height": 100
      }
    },
    "opacity": {
      "value": 0.5,
      "random": true,
      "anim": {
        "enable": false,
        "speed": 1,
        "opacity_min": 0.1,
        "sync": false
      }
    },
    "size": {
      "value": 6,
      "random": true,
      "anim": {
        "enable": true,
        "speed": 2,
        "size_min": 47.91255552577936,
        "sync": true
      }
    },
    "line_linked": {
      "enable": true,
      "distance": 150,
      "color": "#ffffff",
      "opacity": 0.4,
      "width": 1
    },
    "move": {
      "enable": true,
      "speed": 0.8,
      "direction": "top",
      "random": true,
      "straight": false,
      "out_mode": "out",
      "bounce": false,
      "attract": {
        "enable": false,
        "rotateX": 320.6824121731046,
        "rotateY": 962.0472365193136
      }
    }
  },
  "interactivity": {
    "detect_on": "canvas",
    "events": {
      "onhover": {
        "enable": true,
        "mode": "repulse"
      },
      "onclick": {
        "enable": true,
        "mode": "push"
      },
      "resize": true
    },
    "modes": {
      "grab": {
        "distance": 400,
        "line_linked": {
          "opacity": 1
        }
      },
      "bubble": {
        "distance": 400,
        "size": 40,
        "duration": 2,
        "opacity": 8,
        "speed": 3
      },
      "repulse": {
        "distance": 97.44926547616141,
        "duration": 0.4
      },
      "push": {
        "particles_nb": 4
      },
      "remove": {
        "particles_nb": 2
      }
    }
  },
  "retina_detect": true
}
